date,vessel_name,route_family,segment_id,windows,A0_position_p95_m,A0_position_median_m,A0_heading_mae_deg,M2_CA_CTRA_position_p95_m,M2_CA_CTRA_position_median_m,M2_CA_CTRA_heading_mae_deg,DIRECT_HARD_position_p95_m,DIRECT_HARD_position_median_m,DIRECT_HARD_heading_mae_deg,GRU_HARD_position_p95_m,GRU_HARD_position_median_m,GRU_HARD_heading_mae_deg
2025-03-01,PRINSESSE BENEDIKTE,RODBY_PUTTGARDEN,2025-03-01_PRINSESSE BENEDIKTE_000,1382,211.43266836929766,46.82489752693664,3.5299687451928636,138.9393507177265,42.47712252795269,16.891405026794644,149.39052248519994,30.687923972372555,3.6497837026816438,204.06286871712268,43.978375631039256,4.6121950973155545
2025-03-01,STENA DANICA,FREDERIKSHAVN_GOTHENBURG,2025-03-01_STENA DANICA_000,113,163.03426965312084,49.01640999795106,7.061356954202429,107.14408711397283,32.983950264944966,14.402946104445228,125.96283766456848,38.90295930843299,5.859148863700288,147.78522549396428,55.698504663087455,6.759411790114791
2025-03-01,STENA DANICA,FREDERIKSHAVN_GOTHENBURG,2025-03-01_STENA DANICA_034,528,195.31762281513917,26.510878206211657,4.142329794825765,124.43601216679544,41.08776973796438,15.257546449767323,141.69147285718088,30.70039543257227,4.0798259530398076,154.96649818123018,38.508962618806535,4.379749668059624
2025-03-01,STENA JUTLANDICA,FREDERIKSHAVN_GOTHENBURG,2025-03-01_STENA JUTLANDICA_000,233,94.8900312251755,10.679413550545801,2.110872659109562,73.13888931260013,29.009392268961516,13.293990786818068,76.95007224091911,20.08032918581886,2.418443860818845,82.15614306635788,19.4690932266794,2.2714902177215315
2025-03-01,STENA JUTLANDICA,FREDERIKSHAVN_GOTHENBURG,2025-03-01_STENA JUTLANDICA_082,283,226.92443497663626,24.346456097587474,4.355182589627138,184.14542781331983,45.41439864791829,16.977563494539513,179.09135589743562,28.228674098376914,4.168324445176584,183.5795002554114,29.168127143921314,4.05924686038437
2025-03-01,STENA JUTLANDICA,FREDERIKSHAVN_GOTHENBURG,2025-03-01_STENA JUTLANDICA_093,384,184.18877370227628,16.478781731832246,3.4034290140668095,118.55936902834007,34.14274573327264,14.498481763962815,137.9395714237859,23.86333254609873,3.435155172027509,150.05665357329593,23.795040530754747,3.368629157434482
2025-03-01,STENA JUTLANDICA,FREDERIKSHAVN_GOTHENBURG,2025-03-01_STENA JUTLANDICA_094,114,221.47379916212444,22.697032130757457,4.979515246059448,174.81360542416056,41.07522558115572,16.99607081253528,176.6797116662224,24.329035437578202,4.607668012518964,175.8731859945682,33.7172950744059,4.793618417769769
2025-03-03,PRINS RICHARD,RODBY_PUTTGARDEN,2025-03-03_PRINS RICHARD_000,1376,192.8728419865509,46.81743935927127,4.51917389410703,161.1621722241973,51.222487802964636,18.56815776059236,142.84104473109852,35.683802129675456,4.498370408528888,190.0307855320674,47.40727349134704,4.99645900420551
2025-03-03,PRINSESSE BENEDIKTE,RODBY_PUTTGARDEN,2025-03-03_PRINSESSE BENEDIKTE_000,1219,192.09551687663878,52.67881056320742,4.499726587299596,145.9073139765313,45.312169003117475,17.508338620401847,142.5492077882597,32.5660946017868,4.324729372611168,191.60732272665575,48.91104769854756,5.1746355169788725
2025-03-03,STENA DANICA,FREDERIKSHAVN_GOTHENBURG,2025-03-03_STENA DANICA_000,81,194.02674617649845,50.75222618545343,6.149588672819345,142.01280894783716,48.05670397595898,13.386216256518749,147.52667781867393,41.430813885477036,5.0143011904529695,147.21036228735568,45.277530829694506,5.557409751043829
2025-03-03,STENA DANICA,FREDERIKSHAVN_GOTHENBURG,2025-03-03_STENA DANICA_009,440,189.64717546934125,23.453305767550454,4.0258712559053516,123.05483535958082,39.09730584314747,15.706704673597716,133.63923679018063,26.498696201904536,3.994483646159876,151.67679047525704,31.629855381391447,4.0844245329568825
2025-03-03,STENA DANICA,FREDERIKSHAVN_GOTHENBURG,2025-03-03_STENA DANICA_021,167,189.80888002513237,35.27801285164792,5.272455246239593,115.18901292053235,38.244427854177175,11.71057674053371,130.8728899181255,29.366289343368752,4.407373948774753,161.21788939916422,37.64391156577486,5.264476237723462
2025-03-03,STENA JUTLANDICA,FREDERIKSHAVN_GOTHENBURG,2025-03-03_STENA JUTLANDICA_059,406,237.31953075075737,26.007088682746144,4.2923235261006285,175.96221719281937,41.412030784331975,16.830092180079237,179.63182627608617,28.310415203507013,4.254173157024835,202.38965113668235,35.87120612469583,4.378283772163264
2025-03-03,STENA JUTLANDICA,FREDERIKSHAVN_GOTHENBURG,2025-03-03_STENA JUTLANDICA_069,52,250.17657185402578,29.809886857253815,8.594566990068431,207.56701957904002,50.95547606870696,19.56280228575072,197.21428821306242,36.99104493906149,7.731843839797435,220.60285720485066,63.37980923013333,8.25196253073936
2025-03-05,PRINS RICHARD,RODBY_PUTTGARDEN,2025-03-05_PRINS RICHARD_000,943,183.03401070763118,52.99313269599979,4.2695298713303655,167.71440917412403,50.764105556571515,18.733722336118987,137.43988026638294,36.43282557350271,4.388660891583507,175.00347085475576,52.77015960211023,4.8278630718647335
2025-03-05,PRINS RICHARD,RODBY_PUTTGARDEN,2025-03-05_PRINS RICHARD_001,827,171.71766341884535,46.87955005613957,4.20995567303914,183.7284318407489,45.893893668427935,18.795567894492507,128.72895387277086,34.03486097161342,4.517621224274755,177.99487072691724,52.88739484430903,4.778229701973802
2025-03-05,PRINSESSE BENEDIKTE,RODBY_PUTTGARDEN,2025-03-05_PRINSESSE BENEDIKTE_000,859,192.43079996815618,53.7264789651991,3.9734963261872482,154.35570617119672,48.51083608209564,18.54307099560354,137.61924146638123,32.616383050855184,4.10795881321091,196.33345356732676,53.38964066347338,4.754135332686031
2025-03-05,PRINSESSE BENEDIKTE,RODBY_PUTTGARDEN,2025-03-05_PRINSESSE BENEDIKTE_001,742,202.72609179852125,47.02893836933386,4.08209797707092,155.32688934723373,49.28049096610111,18.418800702068694,142.2298052168131,33.03021868550941,4.1756710937251,199.54164976702165,51.85986096945899,4.947567711333597
2025-03-05,STENA DANICA,FREDERIKSHAVN_GOTHENBURG,2025-03-05_STENA DANICA_000,82,179.15763776275577,43.714403141252475,6.6654474177299265,90.6724779932136,29.370964093604034,12.15082055076433,112.48410260857892,35.414416652077676,5.621020377131281,132.71053751245887,42.38197293690547,6.401347202536879
2025-03-05,STENA DANICA,FREDERIKSHAVN_GOTHENBURG,2025-03-05_STENA DANICA_009,135,218.91159627603395,52.8513313589799,6.966790183194809,149.2024329043198,45.970985817840855,13.724817358292924,152.76549417592997,42.669149264307144,5.850988674556542,188.2302694462578,51.07372302901497,6.790894747677152
2025-03-05,STENA DANICA,FREDERIKSHAVN_GOTHENBURG,2025-03-05_STENA DANICA_010,134,229.72220312490546,36.448890182460815,6.147636870969508,156.52165330862854,34.008053181818426,13.405592231517899,160.04890441603692,33.25942642438457,5.380368050410994,183.52056954983615,35.648005985475905,5.477980676070201
2025-03-05,STENA DANICA,FREDERIKSHAVN_GOTHENBURG,2025-03-05_STENA DANICA_020,167,229.40283813591722,30.806343358841964,6.170829941077875,152.16390725123915,37.38516491132793,12.943887315812526,162.0395328472863,28.429543909262883,5.28552637543633,200.40694429019237,48.28121171664521,6.21303580562465
2025-03-05,STENA JUTLANDICA,FREDERIKSHAVN_GOTHENBURG,2025-03-05_STENA JUTLANDICA_000,173,141.16771812850092,20.238163553482483,3.0578034682080926,105.46115234927258,36.01030030090192,13.965319609687016,91.7232035347105,25.68332393889139,3.2294068691375384,101.36048903168823,23.78520471505697,3.3298968194405956
2025-03-05,STENA JUTLANDICA,FREDERIKSHAVN_GOTHENBURG,2025-03-05_STENA JUTLANDICA_012,238,178.516756155966,16.66311347460595,3.8855091923472913,132.55118423728783,37.599664522897484,16.90353741190346,134.64815996926396,22.41429956949211,3.8235346409028943,161.112779149001,26.910186565243396,3.809809345287764
2025-03-05,STENA JUTLANDICA,FREDERIKSHAVN_GOTHENBURG,2025-03-05_STENA JUTLANDICA_024,213,250.05120906397298,19.729845780670857,4.38043802969672,202.6520967581141,41.189818617945846,18.60188083866748,192.41086427072037,25.7862124418911,4.49529855651602,219.84902496168206,29.964187816466293,4.665253794405336
2025-03-05,STENA JUTLANDICA,FREDERIKSHAVN_GOTHENBURG,2025-03-05_STENA JUTLANDICA_037,245,261.0868848527171,17.579433763502152,4.668707605794971,166.08643665592527,45.5775848441828,17.1616330575438,187.09599468046594,26.22742569090443,4.46277298300597,186.92333102993865,31.527856016702078,4.59345775130575
2025-03-05,STENA JUTLANDICA,FREDERIKSHAVN_GOTHENBURG,2025-03-05_STENA JUTLANDICA_044,56,262.8773898595256,52.510780328982854,8.485118510320373,205.30036941490295,51.43180718536733,18.19346661946985,206.16268218418355,43.32494030944761,7.077107549519391,211.76155672562584,66.72836857385911,7.56923028886539
2025-03-07,PRINS RICHARD,RODBY_PUTTGARDEN,2025-03-07_PRINS RICHARD_000,1557,192.5239203634858,54.49971123393159,4.280496695876399,153.7274073970586,52.1020864071216,18.370221195373684,138.94585885326813,35.95668543150118,4.379583532778276,187.72379140836279,50.56318268556682,4.968594868177482
2025-03-07,PRINSESSE BENEDIKTE,RODBY_PUTTGARDEN,2025-03-07_PRINSESSE BENEDIKTE_000,1480,208.62178547288437,47.45354037342109,3.6984796992336277,138.88474028770787,41.73401271476597,17.10512467492731,139.93607515079196,30.50437560784953,3.763436335891141,207.82786723849077,42.32919062858085,4.755845673054682
2025-03-07,STENA DANICA,FREDERIKSHAVN_GOTHENBURG,2025-03-07_STENA DANICA_000,103,163.05731164089966,50.885031019429945,7.083173371244538,144.4345216295221,34.09604022086001,12.167962370750702,139.76478434034684,38.34342228731342,5.766991292602532,164.79444046648086,62.225370391998304,6.4936043981556715
2025-03-07,STENA DANICA,FREDERIKSHAVN_GOTHENBURG,2025-03-07_STENA DANICA_041,162,186.40547308385766,41.29986762066164,7.112346101579025,103.64916284923241,36.804795426490486,14.160253418379403,126.60429449386021,34.237461465188034,5.750365750719641,171.62269694225174,48.37254064741964,6.906393603448829
2025-03-07,STENA DANICA,FREDERIKSHAVN_GOTHENBURG,2025-03-07_STENA DANICA_057,141,267.1380061940786,37.13274439806105,7.2431446625302,184.18979001835416,38.86237300867334,14.857326050900788,190.3183025874966,32.70970347181798,6.201273366012213,205.3046829981656,40.9385272568316,6.5367557290339455
2025-03-07,STENA DANICA,FREDERIKSHAVN_GOTHENBURG,2025-03-07_STENA DANICA_060,12,108.69341309078519,35.839084560997534,8.279166742761488,103.15406520693259,55.283956516732474,23.54477544816508,91.85759684433515,41.41728193494539,8.172942107466321,107.0344619504386,65.4892124141651,8.612349537182553
2025-03-07,STENA DANICA,FREDERIKSHAVN_GOTHENBURG,2025-03-07_STENA DANICA_061,147,226.17205183366772,41.93857872159609,7.626757848209934,143.6594754574722,37.32379559208718,12.693198454050622,161.10205621278465,35.18995138336814,6.19021897969404,199.3885501252917,41.91277012326418,7.549959949833557
2025-03-07,STENA JUTLANDICA,FREDERIKSHAVN_GOTHENBURG,2025-03-07_STENA JUTLANDICA_000,219,134.77093768474722,12.721447052061908,2.4185692713583165,70.11040549139062,27.668383295616216,13.701673779010697,100.18724048588281,22.079610691628524,2.7056192564177355,99.31163438053397,18.721179647117587,2.4571236388132203
2025-03-07,STENA JUTLANDICA,FREDERIKSHAVN_GOTHENBURG,2025-03-07_STENA JUTLANDICA_032,262,247.3963769786651,16.5501681307675,4.3118023941672785,137.71821461439745,32.867675812838215,15.867965874173409,170.93456318561587,22.670219444037834,4.1486427580657494,202.06161349626726,23.832211577768632,3.9762407473114454
2025-03-07,STENA JUTLANDICA,FREDERIKSHAVN_GOTHENBURG,2025-03-07_STENA JUTLANDICA_058,311,230.930278087664,18.36253282494924,5.053054662379424,130.14134568628572,40.794809128497064,17.43086630695309,163.31103017791676,27.340436017956847,4.750822874997323,185.74409419970175,32.070197506046625,5.055956732557923
2025-03-07,STENA JUTLANDICA,FREDERIKSHAVN_GOTHENBURG,2025-03-07_STENA JUTLANDICA_076,258,248.48843989976342,21.74032888267078,3.7370799429925965,143.45739659573889,47.835422953100974,18.70801017555073,176.8841535435693,30.090964993793705,3.832245622733917,184.16371453098236,33.920988629216595,3.533735190662305
2025-03-07,STENA JUTLANDICA,FREDERIKSHAVN_GOTHENBURG,2025-03-07_STENA JUTLANDICA_083,34,300.01448535527,68.69981789741186,8.264705882352944,198.2512440038255,56.358700142830195,16.088235294117652,236.66988838092638,55.928547083338614,7.244318275479304,217.01700225744815,73.02754677756293,7.594367279124974
2025-03-09,PRINS RICHARD,RODBY_PUTTGARDEN,2025-03-09_PRINS RICHARD_000,1507,181.0771771318219,52.963049889020034,4.362696405199552,139.00403169866328,46.10217196693084,17.736181685343357,126.75193036116299,34.87780216793339,4.31530189574601,174.2714518957966,46.87485331652224,4.987865894009135
2025-03-09,PRINSESSE BENEDIKTE,RODBY_PUTTGARDEN,2025-03-09_PRINSESSE BENEDIKTE_000,1354,203.82656834359827,45.16531248423364,3.647033485817768,129.52043051978228,39.61609222779171,16.411558316738997,132.9052463945841,30.22083412237124,3.596663757020598,207.40711743009348,45.969696037273025,4.771886603481914
2025-03-09,STENA DANICA,FREDERIKSHAVN_GOTHENBURG,2025-03-09_STENA DANICA_034,325,216.59540199754423,53.74558040960482,7.622771187798563,139.06803896959525,42.1346303578828,14.287953742468297,160.095798927511,39.149736492674336,6.306871650188421,174.70135478390142,52.27820507571792,7.174500810115378
2025-03-09,STENA DANICA,FREDERIKSHAVN_GOTHENBURG,2025-03-09_STENA DANICA_056,117,203.12076780778298,28.45629727309481,5.671937974527936,126.9618767038067,30.34032045536037,12.861389394919247,136.59097478808408,21.681401363218203,4.829879254044337,182.79488760346175,30.35942116916937,5.665944372308638
2025-03-09,STENA JUTLANDICA,FREDERIKSHAVN_GOTHENBURG,2025-03-09_STENA JUTLANDICA_027,14,94.37078109260094,38.16852420117281,8.398752298891495,95.2237927480129,33.131939268054964,18.602118561737594,76.6132517151641,33.49840729211206,6.602400059159144,105.16058753545673,58.212610405209034,9.171945421117627
2025-03-09,STENA JUTLANDICA,FREDERIKSHAVN_GOTHENBURG,2025-03-09_STENA JUTLANDICA_028,212,264.56237755926566,23.49417828670182,5.718553015547342,195.18642930548532,28.95526472540456,17.739616717871996,195.4734672083681,22.23385643633125,5.512348730137793,203.638536627343,29.0596509540079,5.362071036893248
2025-03-09,STENA JUTLANDICA,FREDERIKSHAVN_GOTHENBURG,2025-03-09_STENA JUTLANDICA_046,265,275.4443241203304,20.69844053994177,5.327043911614869,203.80712343611913,55.80127103755251,18.83333327657513,224.00296789859513,26.863455354525346,4.906900455607011,218.33935105643,37.448031674286696,4.83736655456722
2025-03-09,STENA JUTLANDICA,FREDERIKSHAVN_GOTHENBURG,2025-03-09_STENA JUTLANDICA_059,278,205.1606609907678,20.8583778384517,3.9868105380306806,167.80457159533063,44.12428191005443,18.502397506542973,169.3363395443492,28.599939082632865,3.9474460659040673,185.21494909778545,33.30048371533077,4.124679317973975
2025-03-09,STENA JUTLANDICA,FREDERIKSHAVN_GOTHENBURG,2025-03-09_STENA JUTLANDICA_065,266,253.97193395414763,21.283806639301883,4.114035243262821,173.9278222437295,42.36848150155681,17.690466795029124,189.86152833630914,26.895209713132626,4.048433558089746,190.5157895837434,29.407403902106072,4.026220935034564
2025-03-11,PRINS RICHARD,RODBY_PUTTGARDEN,2025-03-11_PRINS RICHARD_000,1448,197.70867090398752,63.874973304924765,4.838340242982165,168.33588914209096,52.47950377701337,18.472011023608214,144.09743277671873,38.53381354790076,4.881422672813677,201.51120208700493,52.88832124844623,5.505746657530375
2025-03-11,PRINSESSE BENEDIKTE,RODBY_PUTTGARDEN,2025-03-11_PRINSESSE BENEDIKTE_000,1268,207.18455974414698,63.66810902554565,5.190640914113794,162.20347799465915,50.71964417054072,20.185971231948436,159.72982861334316,36.71273955341809,5.1877797224906015,215.7527357983862,51.48326331647739,5.917422507513314
2025-03-11,STENA DANICA,FREDERIKSHAVN_GOTHENBURG,2025-03-11_STENA DANICA_000,58,170.03016386583988,102.5367941830392,8.008333190003246,125.07248402753001,35.813227370254396,11.3272844736848,121.64352326554291,63.08203570816174,6.362569768344567,145.03377446718687,76.49874381154527,7.441201558785076
2025-03-11,STENA DANICA,FREDERIKSHAVN_GOTHENBURG,2025-03-11_STENA DANICA_014,100,197.17585188483883,46.21954196121017,6.760832927876847,140.93509166429067,54.412245623388685,14.700171882549594,150.61606511667074,38.00691808265616,5.922775288301295,154.4335329706674,54.002443113837174,6.433833983732179
2025-03-11,STENA DANICA,FREDERIKSHAVN_GOTHENBURG,2025-03-11_STENA DANICA_033,278,168.42293698517565,23.513120194108364,3.6884894602613834,142.76313521800856,56.704215050590335,19.290534167762743,139.79638878535766,32.826008282549324,3.9166748163693743,154.70416075894883,42.48946992438648,3.8055649927105772
2025-03-11,STENA DANICA,FREDERIKSHAVN_GOTHENBURG,2025-03-11_STENA DANICA_045,82,245.70660489603216,91.78104182507374,9.45894301169196,146.597600906703,66.3547247246683,20.07521720523722,156.7057926743201,67.4979650714813,7.845983849147796,199.44019931834924,75.76494371617558,8.86468394607756
2025-03-11,STENA DANICA,FREDERIKSHAVN_GOTHENBURG,2025-03-11_STENA DANICA_056,64,229.6403237040621,15.877911115494005,3.87708327457392,88.26833165101235,28.36680166275425,13.037501646499557,137.70042266486726,19.31431387230255,3.486684002214296,215.86370113392584,18.47294768662811,3.6231122388572574
2025-03-11,STENA JUTLANDICA,FREDERIKSHAVN_GOTHENBURG,2025-03-11_STENA JUTLANDICA_000,441,221.71474255000894,18.7890900358236,3.5496599642474402,132.758511843631,39.33882067482251,15.712471128864541,146.24365600348787,25.258490106680924,3.4531933330187625,167.72644099991012,28.394460257960603,3.5848089047506715
2025-03-11,STENA JUTLANDICA,FREDERIKSHAVN_GOTHENBURG,2025-03-11_STENA JUTLANDICA_021,519,240.01203732634465,16.05147482790266,3.710406590674723,168.56971256861559,46.11814748196489,17.522026296608235,172.84207958837587,24.94616763161379,3.7271395840183716,185.12929462755528,29.721832097001556,3.765161862219047
2025-03-11,STENA JUTLANDICA,FREDERIKSHAVN_GOTHENBURG,2025-03-11_STENA JUTLANDICA_032,60,244.696266372744,37.36089189947095,9.368055586895595,192.08415832462452,59.82365863380619,20.498612487603975,188.07599882900595,37.11617341322274,7.635822647009917,195.5005970661811,56.41413264482917,9.14885262935633
2025-03-13,PRINS RICHARD,RODBY_PUTTGARDEN,2025-03-13_PRINS RICHARD_000,1359,193.7619103550298,57.322852858782,4.584867166329902,147.57917386783183,52.2560960125735,18.463183285075402,143.04693515450526,37.40653514536008,4.490188624466686,183.39921964891482,49.21218079778266,5.244761120600977
2025-03-13,PRINSESSE BENEDIKTE,RODBY_PUTTGARDEN,2025-03-13_PRINSESSE BENEDIKTE_000,1329,199.7270820539757,65.37733318565638,4.94386753784831,146.07360805001096,46.60861598817144,17.966217932576903,148.92149634175578,34.859841977502455,4.672897910459662,196.30154875597037,50.375543744324865,5.650756728126575
2025-03-13,STENA DANICA,FREDERIKSHAVN_GOTHENBURG,2025-03-13_STENA DANICA_000,55,166.24349362821337,90.62539662252325,7.820909918282109,110.69188372992973,36.06341483400442,12.409997394805774,124.43886965515051,41.72515432190219,6.248005089354043,125.88896618085732,59.681340758577754,7.2092926327777915
2025-03-13,STENA DANICA,FREDERIKSHAVN_GOTHENBURG,2025-03-13_STENA DANICA_016,95,239.31054278220498,57.80464327305453,8.551579049979331,153.5610095665603,47.126679514629195,18.037564567272558,186.96072180288195,43.28490074293995,7.038169577803662,202.07715658641922,61.21881330761669,7.504414317479156
2025-03-13,STENA DANICA,FREDERIKSHAVN_GOTHENBURG,2025-03-13_STENA DANICA_048,236,211.245855457607,26.027946003014044,4.464548414440538,142.16911601222313,55.44354366488288,17.03926700249904,168.5325283581691,31.01826964360699,4.713373338762748,151.09178762640033,43.44726340863657,4.597034405153498
2025-03-13,STENA DANICA,FREDERIKSHAVN_GOTHENBURG,2025-03-13_STENA DANICA_060,320,200.42180192151895,27.233847597058823,4.169508963567773,143.6617198894981,54.07769520008921,18.57163868425254,137.2628001197512,32.361371561469916,4.6092127234744344,161.73441866685238,35.597968297482495,4.06584816334561
2025-03-13,STENA JUTLANDICA,FREDERIKSHAVN_GOTHENBURG,2025-03-13_STENA JUTLANDICA_000,404,244.55605188617926,13.303915787355297,3.9325495992081136,135.10286140717025,35.05925962684309,16.622731546276437,169.64247847420359,22.70973025440037,3.8692701253078563,186.73943757820192,23.16204596341284,3.7673258046549027
2025-03-13,STENA JUTLANDICA,FREDERIKSHAVN_GOTHENBURG,2025-03-13_STENA JUTLANDICA_016,406,255.69342628863632,20.25865863753229,3.9990970818656444,176.43533413747463,42.738271706848614,16.5503283505962,175.53541668781097,26.01604373861268,3.9535197140781415,185.02728749898753,29.3242720212796,3.9310091226068535
2025-03-13,STENA JUTLANDICA,FREDERIKSHAVN_GOTHENBURG,2025-03-13_STENA JUTLANDICA_029,16,220.71337726598938,88.93427884356956,7.4375000000000036,196.62254681939413,32.193674506379665,17.31250000000001,180.56561920428837,44.99516702963321,6.514423730799567,208.73993123607866,69.3911067648071,6.82826319546624
2025-03-15,PRINS RICHARD,RODBY_PUTTGARDEN,2025-03-15_PRINS RICHARD_000,1287,189.31848402387917,58.67861388500979,4.6496891933053615,162.91646216563382,55.22080126303188,19.555028092305065,146.92756139427257,39.42389475119838,4.811586352532164,191.3917584552902,52.66159040469643,5.4532727655310245
2025-03-15,PRINSESSE BENEDIKTE,RODBY_PUTTGARDEN,2025-03-15_PRINSESSE BENEDIKTE_000,442,185.6455628545822,63.37229931453435,4.525264288181021,127.9462232874065,44.90072804630897,15.303164497618909,138.72563877959348,34.39863226071349,4.52452848856,186.83661117715482,51.34330172372576,5.268106104489615
2025-03-15,STENA DANICA,FREDERIKSHAVN_GOTHENBURG,2025-03-15_STENA DANICA_000,67,175.3912239619365,59.80322073381727,7.6985078196063155,93.69949773774171,36.10939091777297,11.636816964418173,122.62907729340274,40.46185520799092,6.405457303979127,116.83397928393914,57.651415653006914,7.093946209998253
2025-03-15,STENA DANICA,FREDERIKSHAVN_GOTHENBURG,2025-03-15_STENA DANICA_015,117,223.54218038734004,43.657112839905274,6.67621309077589,156.66746206368657,54.50305065384814,18.045989199286318,170.35343143010928,38.977725463703045,5.926814292155754,188.60592356830927,52.911921574032235,6.7061110243600845
2025-03-15,STENA DANICA,FREDERIKSHAVN_GOTHENBURG,2025-03-15_STENA DANICA_036,178,206.86744257811222,26.512932075871603,6.018914675714479,159.8639930980055,43.158072817845145,17.482399373384766,162.9954378142735,29.3503586579867,5.557596976584385,160.05810269213663,35.922050886964804,5.40850197290588
2025-03-15,STENA JUTLANDICA,FREDERIKSHAVN_GOTHENBURG,2025-03-15_STENA JUTLANDICA_000,265,109.48984018462693,11.443205743633794,3.0465408663114317,94.67657942218146,31.343435802311784,15.429434078409468,98.95598721901018,20.410461668595346,3.1554733460707873,110.97908126194761,24.077864723215257,3.1659358422064936
2025-03-15,STENA JUTLANDICA,FREDERIKSHAVN_GOTHENBURG,2025-03-15_STENA JUTLANDICA_087,265,188.11549711815314,14.312007654198764,3.8076730947216952,109.22999046372607,35.1967981307743,15.219245699259426,124.1210873598805,23.477926285701773,3.6719995308828555,156.79525625485607,24.163963598037714,3.519655177840892
2025-03-15,STENA JUTLANDICA,FREDERIKSHAVN_GOTHENBURG,2025-03-15_STENA JUTLANDICA_099,250,222.5481897045168,13.571800400044406,3.8906666817098823,141.1513464762126,34.1979868098048,17.36000040616686,152.74497473223565,22.97445902142372,3.911210156160739,174.28661301278194,24.984245496940478,3.886849922103488
2025-03-15,STENA JUTLANDICA,FREDERIKSHAVN_GOTHENBURG,2025-03-15_STENA JUTLANDICA_110,279,203.90490292396098,15.486537429313978,3.297192488460355,127.98551097371897,40.520556856145824,17.419652985288277,134.03217844059608,25.676211449560938,3.382868705257784,177.20400267269767,28.220953198950305,3.5535074453548754
2025-03-17,PRINS RICHARD,RODBY_PUTTGARDEN,2025-03-17_PRINS RICHARD_000,671,196.33676858633152,57.13989914497893,4.327496274217587,151.22897811698368,53.43319385481484,18.3984361313623,144.2412686797133,35.6551677567016,4.318694134066611,196.05301032688246,49.16914514676867,5.061568916283672
2025-03-17,PRINS RICHARD,RODBY_PUTTGARDEN,2025-03-17_PRINS RICHARD_001,690,191.25456722985413,60.811389769250994,4.238961165725151,156.99824932182747,46.86607895517804,18.38611089713147,140.65090337730857,36.90728802465682,4.211508152764905,178.3580819016175,47.77576701437909,4.891708932086802
2025-03-17,STENA DANICA,FREDERIKSHAVN_GOTHENBURG,2025-03-17_STENA DANICA_000,97,177.2003117568421,28.005099378509584,5.780583999321212,125.24059172398849,38.356678159470626,14.704643495967353,124.18255516838875,33.61618223752984,5.255889217565839,135.27892722064902,43.889829006121516,5.711529400027617
2025-03-17,STENA DANICA,FREDERIKSHAVN_GOTHENBURG,2025-03-17_STENA DANICA_166,96,218.969430315584,82.65194243739711,8.285937124802048,139.86829968746974,49.799047544082995,13.712327865417796,159.38475371296005,50.8691923110444,6.646076876862417,185.10068339439582,62.85499244588148,8.277889515606468
2025-03-17,STENA DANICA,FREDERIKSHAVN_GOTHENBURG,2025-03-17_STENA DANICA_186,215,141.1727379912766,12.213000335027655,1.867674374855854,79.52015988899714,36.67756253719245,14.171551327285036,85.02210632806296,19.53220847086696,2.1642839035874477,130.97000672632953,23.305138390313274,2.0365034158707513
2025-03-17,STENA JUTLANDICA,FREDERIKSHAVN_GOTHENBURG,2025-03-17_STENA JUTLANDICA_101,529,213.19571103655716,17.8284611585197,3.920793723385807,154.86347519203008,41.109144328483346,17.493316244206724,164.5616989868013,25.60830529059542,3.9193078570939406,170.72700757826573,28.710756748136237,3.7706314142481827
2025-03-17,STENA JUTLANDICA,FREDERIKSHAVN_GOTHENBURG,2025-03-17_STENA JUTLANDICA_115,502,232.27883167191868,22.346730463638984,4.3259629506966535,160.08346069122433,49.827692174790414,17.76471586328187,170.962163688296,27.663840546913985,4.05958240009019,176.02486899952032,35.44908464905187,4.223068467998733
2025-03-17,STENA JUTLANDICA,FREDERIKSHAVN_GOTHENBURG,2025-03-17_STENA JUTLANDICA_123,10,127.0775526171805,76.85643003278389,0.4,78.38013927253616,31.790889252221387,11.0,98.32415838420019,26.512445169480976,1.2112028172084195,114.74887953454747,21.49332197243706,1.060592109669716
2025-03-19,PRINS RICHARD,RODBY_PUTTGARDEN,2025-03-19_PRINS RICHARD_000,1369,193.74629543690327,63.259551779981535,4.362734353230484,154.06726981136475,51.64861441676248,19.288373791013505,137.661173983923,36.759227673614106,4.43224582369013,183.4187782843218,52.06290567600482,5.068573290129724
2025-03-19,PRINSESSE BENEDIKTE,RODBY_PUTTGARDEN,2025-03-19_PRINSESSE BENEDIKTE_000,15,146.9544098448878,54.661348793213264,4.333333333333333,155.7641109392076,83.5993884371869,21.866666666666667,211.9290335100758,77.07017895290504,6.2161863914548725,355.29234868556364,75.59174784503773,6.201190917678743
2025-03-19,STENA DANICA,FREDERIKSHAVN_GOTHENBURG,2025-03-19_STENA DANICA_000,84,176.2049774399024,35.559840527507404,6.721232030289405,130.3866287066759,39.13604774851976,14.028783745299268,114.49248839046751,36.75959365202499,5.8195953134405185,146.18572931637198,39.18959780824642,6.57694389602192
2025-03-19,STENA DANICA,FREDERIKSHAVN_GOTHENBURG,2025-03-19_STENA DANICA_032,586,190.81225782102945,21.859948931369185,3.509329134324802,116.54243523335619,43.511983033342005,16.676047082443656,128.8812056512668,27.646896933390934,3.7194738139792527,138.29282681698058,35.31606165975235,3.7328982851769803
2025-03-19,STENA DANICA,FREDERIKSHAVN_GOTHENBURG,2025-03-19_STENA DANICA_050,518,178.49164299704205,22.921264494453926,2.9838482543978624,110.25609552865494,42.217119087513495,16.817887558341578,122.25643447024767,28.651625756418586,3.430083396154866,142.43105096240586,34.13701735543832,3.2929569534696777
2025-03-19,STENA JUTLANDICA,FREDERIKSHAVN_GOTHENBURG,2025-03-19_STENA JUTLANDICA_000,213,198.07789968731464,17.216917687448806,3.4029733252949512,105.10847610039701,39.44119670931686,16.276217529303498,154.1559968760063,25.841581367051745,3.4084848676327373,164.93627027741036,26.777716018157445,3.4870318301251624
2025-03-19,STENA JUTLANDICA,FREDERIKSHAVN_GOTHENBURG,2025-03-19_STENA JUTLANDICA_017,245,228.7009030912689,18.431457217605217,4.659183673469387,161.32353737035078,42.66283438387667,18.11088423093972,179.34622451574123,26.426543209985827,4.413417696048803,177.11320077774315,30.991301445075102,4.2361792783342285
2025-03-19,STENA JUTLANDICA,FREDERIKSHAVN_GOTHENBURG,2025-03-19_STENA JUTLANDICA_072,576,216.52608100109612,18.055075467190484,4.37312172323165,132.42767879225784,45.077534494932806,17.01923560684153,158.2167960237473,25.83792188537477,4.14432297582799,154.67342981436772,32.950177181681816,4.128932787446333
2025-03-19,STENA JUTLANDICA,FREDERIKSHAVN_GOTHENBURG,2025-03-19_STENA JUTLANDICA_080,84,251.19198867992503,54.92485180246375,9.20041237983381,206.01358372651316,48.126133363152476,19.767536946773618,190.47705715112858,40.65996662690038,8.043080214383675,234.46208696631433,58.469738381838084,9.3089670141688
2025-03-21,PRINS RICHARD,RODBY_PUTTGARDEN,2025-03-21_PRINS RICHARD_000,1505,185.41786943431245,55.402815097389514,4.373323948267465,158.26082870470125,48.804592923102916,17.37005190540238,137.90496406174566,35.53389098835671,4.41040636869586,198.09366639996543,55.33010749576998,5.113784418166571
2025-03-21,PRINSESSE BENEDIKTE,RODBY_PUTTGARDEN,2025-03-21_PRINSESSE BENEDIKTE_000,1430,202.07570154372763,55.029743329677416,4.392645721503405,147.17088814700642,48.10935819956823,17.763810929039025,137.81874117041775,34.092361051846524,4.2961706933462835,194.6143353946901,48.624377769110154,4.995792173618747
2025-03-21,STENA DANICA,FREDERIKSHAVN_GOTHENBURG,2025-03-21_STENA DANICA_000,100,195.217361347473,53.899009244963125,6.328831587149868,128.34082651842553,40.95369569128583,12.776186342806545,143.0220351810425,39.910663019538056,5.568003120501362,156.010310444983,54.26942185773348,6.4382952078888955
2025-03-21,STENA DANICA,FREDERIKSHAVN_GOTHENBURG,2025-03-21_STENA DANICA_060,551,190.32640950739307,27.97851140968415,4.1719903703053935,126.68797942714782,45.6743182665393,16.950799868382173,128.2250134018546,31.98372238885683,4.305439166795065,150.81872151533497,38.468320075918385,4.441195746906217
2025-03-21,STENA DANICA,FREDERIKSHAVN_GOTHENBURG,2025-03-21_STENA DANICA_070,309,189.51416412774316,26.651682007957085,3.9523193632477334,103.8123153289153,50.047483469885265,17.244233282763062,123.25663787869313,32.85157576206182,4.304100953344659,132.52516105647535,38.986610755011114,4.457789846311994
2025-03-21,STENA DANICA,FREDERIKSHAVN_GOTHENBURG,2025-03-21_STENA DANICA_080,111,130.51991411084293,7.918691022899111,1.7657658674091268,78.82786965131301,20.82497837716036,14.183181523008281,55.143742934476435,15.59739311204683,2.0465507168007986,99.18429200082909,12.97310477308086,1.7770239067753966
2025-03-21,STENA JUTLANDICA,FREDERIKSHAVN_GOTHENBURG,2025-03-21_STENA JUTLANDICA_000,256,175.1205754550346,13.725031479350132,3.283203080928079,113.41753108799236,36.969813909451545,16.538410121484972,110.44219358629144,23.86918699484454,3.3584565730235396,129.11648576465885,25.74343626717521,3.3427372063253014
2025-03-21,STENA JUTLANDICA,FREDERIKSHAVN_GOTHENBURG,2025-03-21_STENA JUTLANDICA_035,273,175.46217630045763,14.363240160944672,3.4392552269236125,104.47302172239728,38.003207845838105,15.510684063108604,126.66822334346735,23.62419945520451,3.466703658013835,141.29087698798483,24.953162236307247,3.2019195901007604
2025-03-21,STENA JUTLANDICA,FREDERIKSHAVN_GOTHENBURG,2025-03-21_STENA JUTLANDICA_056,490,249.65526000133792,18.46832937568798,4.811905306999579,143.87417584640627,41.543853986955625,16.946470423553205,182.87070777689283,26.065868801442345,4.591769651926396,187.03660594519675,31.35034683496896,4.530178911686643
2025-03-21,STENA JUTLANDICA,FREDERIKSHAVN_GOTHENBURG,2025-03-21_STENA JUTLANDICA_065,49,235.96176399959728,44.905853175120235,8.571428571428578,183.27166112027388,57.74860335734313,15.816326530612281,172.42211630262233,38.12224675487581,7.29692433842415,183.97149498778438,67.70171046223047,8.346045397435532
2025-03-23,PRINS RICHARD,RODBY_PUTTGARDEN,2025-03-23_PRINS RICHARD_000,1693,186.88654457090834,45.31621294521874,4.3535244268406394,152.88380825737985,52.66739485861807,18.318655829447366,133.63791682429596,34.24614958958001,4.3983090509976,179.15893476479872,52.35345353689206,4.905138630081891
2025-03-23,PRINSESSE BENEDIKTE,RODBY_PUTTGARDEN,2025-03-23_PRINSESSE BENEDIKTE_000,1664,196.57169134904154,45.0083513524358,4.392427861519243,146.03315678252517,48.36588726806826,18.920874925310617,139.5416127075272,32.96640069719106,4.3384179675811945,183.5036741687534,51.545082629840806,5.089198091683283
2025-03-23,STENA DANICA,FREDERIKSHAVN_GOTHENBURG,2025-03-23_STENA DANICA_006,348,231.68667351090713,33.51890756020374,5.833285540482785,154.16395847174132,37.05190210607307,13.990953600104877,163.91931810449253,29.603167889207306,5.028969873758598,182.44287653861753,40.60338983766932,5.457549394550871
2025-03-23,STENA DANICA,FREDERIKSHAVN_GOTHENBURG,2025-03-23_STENA DANICA_018,322,243.40730910216578,27.796253413428005,5.343115749286087,136.6392846933716,52.06862261881717,18.37127277383319,162.3313660176946,35.33518640372054,5.497400588671386,189.44800748084518,46.883828218937175,5.642491394538255
2025-03-23,STENA DANICA,FREDERIKSHAVN_GOTHENBURG,2025-03-23_STENA DANICA_034,117,149.9610557570018,9.158435942859693,2.551282051282051,95.29759748597688,20.830555571248386,14.542736971646454,92.30504618900713,14.992534461425059,2.7708788818574592,124.15565602153752,12.816463912087569,2.5571525295093203
2025-03-23,STENA JUTLANDICA,FREDERIKSHAVN_GOTHENBURG,2025-03-23_STENA JUTLANDICA_001,279,242.2062387666518,27.9321007296742,5.317801686119968,149.54564225170026,44.521982888009404,15.575029239640857,169.00648126903315,27.369806617900412,4.801912121173195,168.46183760639568,34.26464970894246,4.978195866798864
2025-03-23,STENA JUTLANDICA,FREDERIKSHAVN_GOTHENBURG,2025-03-23_STENA JUTLANDICA_006,222,204.9906704171556,14.054301749528584,3.9771022929737696,141.17244583522202,36.68506755500061,17.044969913936985,153.58296064895296,23.092774187700094,4.105793261337016,176.035448348595,24.832198767891175,3.870815066912026
2025-03-23,STENA JUTLANDICA,FREDERIKSHAVN_GOTHENBURG,2025-03-23_STENA JUTLANDICA_014,487,238.71789881183955,18.52660651716925,5.130901355089947,174.28137048002935,37.41964435904744,16.842196510281436,182.6748052563081,24.683418743802992,4.834626669889557,185.29740436741554,30.71682173326594,4.852095283528642
